"","OTU","rab.all","rab.win.Baseline","rab.win.Week 48","diff.btw","diff.win","effect","overlap","we.ep","we.eBH","wi.ep","wi.eBH","Kingdom","Phylum","Class","Order","Family","Genus","Species"
"1","Neisseria",13.1156855977743,13.0149624786932,13.2390208367359,0.21583406317116,2.54021509878816,0.0693301756507812,0.463307338655216,0.59832470062848,0.85142347676282,0.331272891029863,0.682139774545709,"Bacteria","Proteobacteria","Gammaproteobacteria","Burkholderiales","Neisseriaceae","Neisseria",NA
"2","Streptococcus",13.1463903477284,12.8854928009183,13.3655021628735,0.418164778626463,1.67066532807995,0.219565123869789,0.395400000364624,0.0170000696300269,0.12605353846941,0.00378527318490484,0.0364889733432868,"Bacteria","Firmicutes","Bacilli","Lactobacillales","Streptococcaceae","Streptococcus",NA
"3","Haemophilus",12.8238811014617,13.0465400343625,12.5989673627867,-0.554485745642733,2.46724484905202,-0.193146461701007,0.395720856192093,0.00871198175938494,0.0801014385195945,0.00393973534862615,0.0381741590359898,"Bacteria","Proteobacteria","Gammaproteobacteria","Pasteurellales","Pasteurellaceae","Haemophilus",NA
"4","Prevotella",11.8706418022512,11.7899111256513,11.9553680245679,0.16741671708031,2.95154729793676,0.0413583031786129,0.476304739131319,0.219871430932737,0.5829158659234,0.408193108546726,0.745703440112243,"Bacteria","Bacteroidota","Bacteroidia","Bacteroidales","Prevotellaceae","Prevotella",NA
"5","Moraxella",1.49813183440555,3.01053284834121,0.725436332971987,-2.53127187260612,7.63614940658009,-0.317130184297778,0.366200000480401,0.000219037307997301,0.00426213000713723,0.000323338742202709,0.0048068932391428,"Bacteria","Proteobacteria","Gammaproteobacteria","Pseudomonadales","Moraxellaceae","Moraxella",NA
"6","Veillonella",10.9214230823437,10.6607986930412,11.2372752862069,0.591852816670618,2.43536526410582,0.189830385113076,0.386400000399277,0.00351536772332917,0.0438319489347528,0.00208908698762501,0.024348289817079,"Bacteria","Firmicutes","Negativicutes","Veillonellales-Selenomonadales","Veillonellaceae","Veillonella",NA
"7","Fusobacterium",9.75222966641809,10.1062158732365,9.48098567330965,-0.362173516989809,3.37451531729761,-0.0760430774444855,0.448310338106504,0.516345403772624,0.804626477081111,0.148793378626342,0.481869066962939,"Bacteria","Fusobacteriota","Fusobacteriia","Fusobacteriales","Fusobacteriaceae","Fusobacterium",NA
"8","Porphyromonas",10.1381438251719,10.0609753442133,10.2329974884625,0.106854393033092,3.42058983710606,0.0229542657307754,0.485902819483122,0.828876399611252,0.94485085702449,0.626401422610192,0.861174064025772,"Bacteria","Bacteroidota","Bacteroidia","Bacteroidales","Porphyromonadaceae","Porphyromonas",NA
"9","Lautropia",8.55885981513786,7.71334194711753,9.20185046590832,1.54872361522068,4.54884487190594,0.28158842941503,0.341131774234062,3.19507468740024e-05,0.00108205532391782,4.12996767864615e-06,0.000228362853125344,"Bacteria","Proteobacteria","Gammaproteobacteria","Burkholderiales","Burkholderiaceae","Lautropia",NA
"10","Actinobacillus",2.58033416238779,6.54393098125574,1.9027492864147,-0.73670758096981,10.085086877727,-0.0733501088327448,0.455200000150542,0.186821442934352,0.5095446291081,0.26707871586549,0.596052169314381,"Bacteria","Proteobacteria","Gammaproteobacteria","Pasteurellales","Pasteurellaceae","Actinobacillus",NA
"11","Gemella",8.94349359739849,8.73904902405226,9.13221723253313,0.417531595386201,2.14223090507171,0.152544792847747,0.41691661696136,0.0662031056098113,0.3003173576414,0.021044401736265,0.135909713471177,"Bacteria","Firmicutes","Bacilli","Staphylococcales","Gemellaceae","Gemella",NA
"12","Alloprevotella",9.64895137417064,10.0811820128605,9.15313325805734,-0.692623030827024,3.62383746157327,-0.136833796131231,0.41471705688136,0.0689050036353009,0.315556040459573,0.0118476587645308,0.092801438917496,"Bacteria","Bacteroidota","Bacteroidia","Bacteroidales","Prevotellaceae","Alloprevotella",NA
"13","Leptotrichia",8.61754022570452,8.76781248497698,8.47782311829219,-0.245366220665711,4.86170403817863,-0.0394790324092838,0.475800000080856,0.556595608887554,0.824714824047296,0.583225391772997,0.843252330984499,"Bacteria","Fusobacteriota","Fusobacteriia","Fusobacteriales","Leptotrichiaceae","Leptotrichia",NA
"14","Rothia",9.55798448674362,9.01380621239461,10.0773885731313,1.08650772304925,3.70918946347924,0.212453474299483,0.351600000542451,0.000514487926265337,0.00915242325035246,1.35383698694464e-05,0.000459466000456616,"Bacteria","Actinobacteriota","Actinobacteria","Micrococcales","Micrococcaceae","Rothia",NA
"15","Aggregatibacter",6.4941021669854,7.9641551224218,1.36840953165172,-3.72849435623042,8.10440362450782,-0.482416344092396,0.308138373075202,3.04111053089619e-07,2.02710427552673e-05,7.62611510141053e-08,1.06063571789898e-05,"Bacteria","Proteobacteria","Gammaproteobacteria","Pasteurellales","Pasteurellaceae","Aggregatibacter",NA
"16","Granulicatella",9.2689878236342,9.0268806743137,9.48864262807422,0.365541917101518,2.11279847372087,0.115222657023031,0.427800000245792,0.315119988662861,0.667424911897419,0.0392815599614598,0.201956384988421,"Bacteria","Firmicutes","Bacilli","Lactobacillales","Carnobacteriaceae","Granulicatella",NA
"17","Escherichia/Shigella",-0.267252046070814,-0.261003975402558,-0.275558837640382,-0.0332585837979211,4.37601234097546,-0.00736264827167146,0.494600000018002,0.539503927661758,0.775858246148073,0.5352076622966,0.781793018113088,"Bacteria","Proteobacteria","Gammaproteobacteria","Enterobacterales","Enterobacteriaceae","Escherichia/Shigella",NA
"18","ASV_52",1.82881799999614,1.69351405583044,1.9902576527907,0.114886624416608,8.23320767929645,0.013051959762179,0.491400000028675,0.632574087907154,0.854937332317629,0.691768298832767,0.879641613570997,"Bacteria","Proteobacteria","Gammaproteobacteria","Burkholderiales","Neisseriaceae","ASV_52",NA
"19","Actinomyces",8.19574235687329,7.61683098671317,8.66688419450897,0.862295836037759,4.71137189744321,0.148427634935328,0.386722655866767,0.030612208791441,0.183490094516492,0.000875038248304446,0.0130096206931571,"Bacteria","Actinobacteriota","Actinobacteria","Actinomycetales","Actinomycetaceae","Actinomyces",NA
"20","Pseudomonas",-0.194417261025279,-0.26907405539358,-0.101840263504318,0.169052970559771,4.49910981716333,0.0317845823713058,0.482800000057401,0.432762799109183,0.688767574245931,0.489059457445162,0.718792624394881,"Bacteria","Proteobacteria","Gammaproteobacteria","Pseudomonadales","Pseudomonadaceae","Pseudomonas",NA
"21","ASV_62",1.4498384452421,2.99857502925236,0.65408697649038,-2.0364824000043,7.23426146193689,-0.273409209312994,0.381723655686403,0.00268181333547979,0.0277868692170836,0.00176592725655541,0.0188263915214304,"Bacteria","Firmicutes","Clostridia","Lachnospirales","Lachnospiraceae","ASV_62",NA
"22","Campylobacter",6.74966616172688,6.58445209730781,6.90354437981699,0.380936254073355,4.71606182643364,0.0695361021433422,0.450709858194241,0.261025974186213,0.604317386881687,0.218658055812582,0.576422489049575,"Bacteria","Campilobacterota","Campylobacteria","Campylobacterales","Campylobacteraceae","Campylobacter",NA
"23","Bergeyella",3.16604703789217,3.56250201167493,2.80657586390441,-0.237610918705742,7.06634064226485,-0.033323543855871,0.48560000004804,0.575110896451133,0.820382195605816,0.584525506611105,0.829935767172895,"Bacteria","Bacteroidota","Bacteroidia","Flavobacteriales","Weeksellaceae","Bergeyella",NA
"24","ASV_68",0.409948033781641,0.434468459254561,0.381745173132951,-0.0118923384352518,7.39394901939914,-0.00175533817542148,0.498700259952341,0.627968228757222,0.847862371583887,0.564434714970267,0.805830445495391,"Bacteria","Bacteroidota","Bacteroidia","Bacteroidales","Prevotellaceae","ASV_68",NA
"25","ASV_77",3.16458645567232,2.17233992686779,6.54598717015031,0.77631516794412,7.64684386932556,0.10301026771658,0.419516097055949,0.077089832003388,0.305350335782305,0.0295304276244116,0.158892590546813,"Bacteria","Firmicutes","Bacilli","Lactobacillales","Carnobacteriaceae","ASV_77",NA
"26","Enterococcus",-0.244944139106275,-0.266921267703301,-0.22339477236377,0.0721479628286517,4.47355900956272,0.0145495150338641,0.492400000025339,0.477147382774912,0.747457684534699,0.482132615262927,0.73427032983996,"Bacteria","Firmicutes","Bacilli","Lactobacillales","Enterococcaceae","Enterococcus",NA
"27","Dolosigranulum",-0.0779529318945169,-0.0562828901374601,-0.103355872885215,0.0213941989948792,4.88134465937558,0.00369574455076767,0.497300539901016,0.585839116258062,0.821610573889035,0.526289727974741,0.776720103912265,"Bacteria","Firmicutes","Bacilli","Lactobacillales","Carnobacteriaceae","Dolosigranulum",NA
"28","Corynebacterium",1.79992451283139,2.23958688324841,1.41213801586788,-0.368171027852491,7.04449326005277,-0.0509437288975153,0.473000000090263,0.569141418739955,0.813621574920591,0.531642254313082,0.795010025742413,"Bacteria","Actinobacteriota","Actinobacteria","Corynebacteriales","Corynebacteriaceae","Corynebacterium",NA
"29","Streptobacillus",1.04181209113894,2.12948380384573,0.331209407747149,-2.20024099487495,6.65013653527403,-0.316206625883477,0.36340000049206,0.00135610566726233,0.01114411516544,0.000678576033849338,0.00739735065559624,"Bacteria","Fusobacteriota","Fusobacteriia","Fusobacteriales","Leptotrichiaceae","Streptobacillus",NA
"30","Oribacterium",4.77669614052365,2.62388678009664,5.84329289863603,1.49870634221222,6.63025420455547,0.218595825537491,0.383400000411019,0.00714004887419798,0.0636385612410984,0.00104961886871452,0.0139834255073659,"Bacteria","Firmicutes","Clostridia","Lachnospirales","Lachnospiraceae","Oribacterium",NA
"31","ASV_112",-0.0389111538937659,0.0712786632141995,-0.137268152367456,-0.36897144538705,5.49654590067268,-0.0622458616448372,0.464107178684501,0.316666879679247,0.592300644957258,0.409032389332563,0.675204521945915,"Bacteria","Proteobacteria","Gammaproteobacteria","Pasteurellales","Pasteurellaceae","ASV_112",NA
"32","Stomatobaculum",2.87249625546505,4.68808227231617,1.93202139165674,-0.864930587663461,6.93134072093333,-0.125873390235487,0.434800000221093,0.100759876397634,0.350268551994222,0.0843519861928551,0.328080943200159,"Bacteria","Firmicutes","Clostridia","Lachnospirales","Lachnospiraceae","Stomatobaculum",NA
"33","Lachnoanaerobaculum",5.471467041691,5.42124042891149,5.50951743612674,0.00409002556180926,6.16210066183042,0.000800674805144456,0.49950009998167,0.712099483090549,0.892873333897045,0.817675766561044,0.931577362060084,"Bacteria","Firmicutes","Clostridia","Lachnospirales","Lachnospiraceae","Lachnoanaerobaculum",NA
"34","ASV_120",-0.159744912619235,-0.136440255583024,-0.181769279497944,-0.126451526374223,4.86842569052459,-0.022756237388316,0.486302739497783,0.513096637332553,0.749709952291532,0.465247598532446,0.726417918064004,"Bacteria","Proteobacteria","Gammaproteobacteria","Pasteurellales","Pasteurellaceae","ASV_120",NA
"35","ASV_126",-0.238920978589311,-0.290128535716187,-0.180324896709556,0.0902177639492496,4.35393395105028,0.0179343523355365,0.491600000028008,0.450153026365805,0.707693585511771,0.467931443611728,0.713550890126081,"Bacteria","Cyanobacteria","Cyanobacteriia","Chloroplast","ASV_126","ASV_126",NA
"36","Mannheimia",0.322719342175222,0.44914307111561,0.211679873145664,-0.351240526634395,6.48599549065771,-0.0508368569768588,0.46910617886758,0.400956064587616,0.68716994627767,0.417484765837238,0.68420118595862,"Bacteria","Proteobacteria","Gammaproteobacteria","Pasteurellales","Pasteurellaceae","Mannheimia",NA
"37","TM7x",1.7324022495578,1.41706995979252,2.09695716655732,0.766486002385203,6.56825047257047,0.113522888910481,0.446400000180744,0.165678577538451,0.448442844948869,0.12459579652946,0.376533787378923,"Bacteria","Patescibacteria","Saccharimonadia","Saccharimonadales","Saccharimonadaceae","TM7x",NA
"38","Tropheryma",-0.170793467236105,-0.198107307123953,-0.14791717615991,0.0294940088397402,4.53917130517192,0.0047195323054738,0.496500699871688,0.571927910545949,0.801389479837286,0.55432579833892,0.785347464816247,"Bacteria","Actinobacteriota","Actinobacteria","Micrococcales","Cellulomonadaceae","Tropheryma",NA
"39","Solobacterium",1.83223689111883,1.99675631017941,1.68840355965622,-0.417388959788726,6.06332685202608,-0.0640351296527321,0.465200000116564,0.42398852293042,0.716743428992226,0.35282801322253,0.666870281673331,"Bacteria","Firmicutes","Bacilli","Erysipelotrichales","Erysipelotrichaceae","Solobacterium",NA
"40","Peptostreptococcus",2.08039086741164,1.69464330594829,2.64095198862061,0.622811027601812,6.0829328043861,0.0922868611331969,0.450509898186928,0.28040945332804,0.592361848240512,0.204456634289559,0.524182223929122,"Bacteria","Firmicutes","Clostridia","Peptostreptococcales-Tissierellales","Peptostreptococcaceae","Peptostreptococcus",NA
"41","Abiotrophia",0.982134343350912,0.856917616768309,1.11350398622044,0.487936864669471,6.77388834466187,0.0724902678350645,0.460507898552729,0.38393028408404,0.670166489636552,0.410892325540909,0.689265747194614,"Bacteria","Firmicutes","Bacilli","Lactobacillales","Aerococcaceae","Abiotrophia",NA
"42","Oceanivirga",-0.0610116444193478,0.0658608632228166,-0.192314984432112,-0.331181151827313,4.83263131785423,-0.0558967321367748,0.469306138874905,0.368735784066197,0.611232751597334,0.372421876418275,0.611138429448659,"Bacteria","Fusobacteriota","Fusobacteriia","Fusobacteriales","Leptotrichiaceae","Oceanivirga",NA
"43","ASV_157",0.136574063979097,0.404473157512539,-0.0984385164674269,-0.79726376958417,5.52563978845692,-0.128969283635609,0.429914017434768,0.0669378620036715,0.220294570447553,0.1392123579614,0.334350776758851,"Bacteria","Patescibacteria","Gracilibacteria","Absconditabacteriales_(SR1)","ASV_157","ASV_157",NA
"44","ASV_163",0.0621159976156598,-0.0588613192867466,0.179946450576114,0.295124752376303,5.24869510397725,0.0492626684199358,0.472905419006762,0.356072818821047,0.61778993838452,0.398664058597945,0.649585669238317,"Bacteria","Cyanobacteria","Cyanobacteriia","Chloroplast","ASV_163","ASV_163",NA
"45","ASV_180",0.113309861932667,-0.127158764322122,0.350495782937788,0.679758826353615,5.68511210197782,0.115441736943293,0.435400000218989,0.0758416196627026,0.256831276559105,0.158498450342559,0.390868396552428,"Bacteria","Firmicutes","Bacilli","Lactobacillales","Carnobacteriaceae","ASV_180",NA
"46","ASV_182",-0.0307947867198797,-0.0111879793388319,-0.0476599411572725,-0.0389070702036589,5.28755602861619,-0.00544933259538719,0.496500699871688,0.542474699845935,0.79293092001953,0.518613996085962,0.777675317195805,"Bacteria","Bacteroidota","Bacteroidia","Bacteroidales","Prevotellaceae","ASV_182",NA
"47","ASV_187",0.0880858012956027,0.397758239241938,-0.180903282141157,-0.839173951740746,5.20203156703376,-0.143259959698825,0.427600000246502,0.0700220126827707,0.209475925940725,0.100946438114466,0.260152113593841,"Bacteria","Patescibacteria","Gracilibacteria","Absconditabacteriales_(SR1)","ASV_187","ASV_187",NA
"48","Treponema",0.60135143841562,1.57744840331782,-0.0652305039148722,-2.29095340470558,5.68720722982558,-0.366307265730601,0.340000000594177,6.93354782795512e-05,0.00151872408868755,8.54895404156512e-05,0.00145256545701346,"Bacteria","Spirochaetota","Spirochaetia","Spirochaetales","Spirochaetaceae","Treponema",NA
"49","Eikenella",-0.00507294710280526,-0.116091531598109,0.106685514857926,0.268583574263863,5.49934887129867,0.0458750982383004,0.474905019080029,0.38247479906327,0.633053260297919,0.421063358804392,0.654374788628237,"Bacteria","Proteobacteria","Gammaproteobacteria","Burkholderiales","Neisseriaceae","Eikenella",NA
"50","ASV_203",-0.166704383721086,-0.184692261785491,-0.140302871207065,0.0790043596016305,4.68674055889948,0.0126125844980884,0.492200000026006,0.566499101074292,0.799197288595715,0.548141683476139,0.783187116810748,"Bacteria","Bacteroidota","Bacteroidia","Bacteroidales","Prevotellaceae","ASV_203",NA
"51","ASV_205",0.228357034080405,0.701290591714561,-0.182738887862055,-1.18656242537505,5.27130763346819,-0.199910469255294,0.401000000343465,0.0129758091080586,0.0794958876847229,0.0214016469801002,0.101583989446202,"Bacteria","Firmicutes","Clostridia","Clostridia_UCG-014","ASV_205","ASV_205",NA
"52","ASV_209",0.394951392053471,0.992128324969954,-0.0708194693212096,-1.52855166394098,5.35420032505672,-0.257929550839825,0.389722055975116,0.0100169514255858,0.047448897430014,0.00819398400621615,0.041533891988978,"Bacteria","Firmicutes","Clostridia","Clostridia_UCG-014","ASV_209","ASV_209",NA
"53","F0058",0.849231215965615,0.326717647595424,1.57651308641825,1.75437797627694,5.63892111866649,0.277812636295579,0.373200000451718,0.00135814634880082,0.0174489422925734,0.00137374944239867,0.0140540813509873,"Bacteria","Bacteroidota","Bacteroidia","Bacteroidales","Paludibacteraceae","F0058",NA
"54","ASV_214",-0.205473267938606,-0.197560806335389,-0.210356699374591,-0.0689743499444271,4.51200935209129,-0.0118575040731778,0.493301339754378,0.50357404744993,0.739368178622386,0.487376214679255,0.72845079502069,"Bacteria","Proteobacteria","Gammaproteobacteria","Pasteurellales","Pasteurellaceae","ASV_214",NA
"55","ASV_216",0.039037720087979,0.142436492786356,-0.06423201454606,-0.304872749976402,4.93369457185587,-0.0545716775160286,0.470705858926178,0.417447315166797,0.686561151577884,0.415841984069881,0.669202245525426,"Bacteria","Bacteroidota","Bacteroidia","Bacteroidales","Prevotellaceae","ASV_216",NA
"56","Conchiformibius",0.335571088619542,0.310175385904702,0.365169811385408,0.122006718694309,6.201973369152,0.0174423017986851,0.489502099615079,0.566557985117004,0.809222552869388,0.575825138577299,0.803792918848785,"Bacteria","Proteobacteria","Gammaproteobacteria","Burkholderiales","Neisseriaceae","Conchiformibius",NA
"57","Hydrogenophaga",-0.147501526768125,-0.217078373247961,-0.0615269286344091,0.263275970390979,4.46479188166829,0.046805412965445,0.475104979087355,0.46117452091281,0.69793140427455,0.454768118857976,0.689622159670469,"Bacteria","Proteobacteria","Gammaproteobacteria","Burkholderiales","Comamonadaceae","Hydrogenophaga",NA
"58","Catonella",1.14509543744947,1.20706712736981,1.09757996304961,-0.0206774149253643,5.96588189846896,-0.00425567647335933,0.498400000005334,0.622110057131051,0.840074323795724,0.644024329797139,0.853775400837852,"Bacteria","Firmicutes","Clostridia","Lachnospirales","Lachnospiraceae","Catonella",NA
"59","Candidatus_Saccharimonas",1.0191014068978,0.681975445637651,1.43679306550847,1.05749197420341,5.75215170803474,0.165826509264924,0.424315137230701,0.0881127404247523,0.268747828184415,0.0868957678332234,0.270150335605679,"Bacteria","Patescibacteria","Saccharimonadia","Saccharimonadales","Saccharimonadaceae","Candidatus_Saccharimonas",NA
"60","ASV_239",0.0391411056712796,0.00868613271809338,0.0695024870891077,0.0257892438587284,5.01591038796819,0.004421287437757,0.497400000008667,0.523011087615417,0.771847880900255,0.510256380281839,0.754725859831309,"Bacteria","Bacteroidota","Bacteroidia","Bacteroidales","Prevotellaceae","ASV_239",NA
"61","ASV_242",-0.203904515710657,-0.123239587102289,-0.284827058595278,-0.144814977323638,4.47906839950473,-0.0268043344981741,0.485800000047372,0.406520155625312,0.663665475620914,0.439958810336451,0.690354506089002,"Bacteria","Cyanobacteria","Cyanobacteriia","Chloroplast","ASV_242","ASV_242",NA
"62","Mogibacterium",0.698134700961049,0.450741132177832,0.996060861128824,0.739783768792896,5.58957313857844,0.122015584539161,0.444711057974946,0.200514898258049,0.452757980069337,0.186012762607955,0.425462899865864,"Bacteria","Firmicutes","Clostridia","Peptostreptococcales-Tissierellales","Anaerovoracaceae","Mogibacterium",NA
"63","Selenomonas",0.555512979318122,0.703991611149387,0.414947414637644,-0.32005641779481,5.56958297715747,-0.0535521015320939,0.475400000082199,0.452556407941702,0.711967752348356,0.460195463919846,0.707811991657287,"Bacteria","Firmicutes","Negativicutes","Veillonellales-Selenomonadales","Selenomonadaceae","Selenomonas",NA
"64","ASV_260",-0.144241317625497,-0.12191013067122,-0.164638415469572,-0.0451971124328638,4.83597107886392,-0.00808201355778518,0.496200000012667,0.53470001762312,0.771324291397873,0.544731241675259,0.769038651701724,"Bacteria","Proteobacteria","Gammaproteobacteria","Burkholderiales","Neisseriaceae","ASV_260",NA
"65","Cardiobacterium",0.603097587469538,0.5456576565057,0.662453067630697,0.146506006342467,5.53295148358376,0.0240244544098126,0.487800000040691,0.538131023890897,0.783620370456454,0.549731247359556,0.791686222412922,"Bacteria","Proteobacteria","Gammaproteobacteria","Cardiobacteriales","Cardiobacteriaceae","Cardiobacterium",NA
"66","ASV_269",-0.251195817497203,-0.249428932092233,-0.253291150581427,-0.124237557706157,4.34797820447591,-0.0246368185382173,0.487302539534437,0.552363480056737,0.785983269526646,0.541431422468128,0.774813616302719,"Bacteria","Bacteroidota","Bacteroidia","Flavobacteriales","Weeksellaceae","ASV_269",NA
"67","ASV_280",-0.171785797792627,-0.0598027232109075,-0.28854708114117,-0.301602750777886,4.71419381812915,-0.0539649084152437,0.471600000094973,0.321822968305376,0.585068355222116,0.402159830716724,0.649802246175377,"Bacteria","Patescibacteria","Gracilibacteria","Absconditabacteriales_(SR1)","ASV_280","ASV_280",NA
"68","ASV_283",-0.059604417179612,-0.0526883159732208,-0.0674493465636585,0.0483739126306792,4.85422265834786,0.00970087615221472,0.495200000016001,0.568552546873068,0.802219034650456,0.549845676767302,0.782975309816578,"Bacteria","Bacteroidota","Bacteroidia","Bacteroidales","Prevotellaceae","ASV_283",NA
"69","Comamonas",-0.0172764327748762,0.156549464942207,-0.195426565219996,-0.559824577843804,4.8988413802423,-0.103895379540126,0.449510098150369,0.197128157201145,0.443377147842119,0.242273475285997,0.489467175554584,"Bacteria","Proteobacteria","Gammaproteobacteria","Burkholderiales","Comamonadaceae","Comamonas",NA
"70","ASV_286",-0.236157540655556,-0.276869202555117,-0.199144108609275,0.0179499242763868,4.39696011443776,0.00356227517845367,0.498300339937677,0.459761419461564,0.724696182249198,0.5014088304204,0.74364230966434,"Bacteria","Cyanobacteria","Cyanobacteriia","Chloroplast","ASV_286","ASV_286",NA
"71","Capnocytophaga",1.48945036079379,1.11998578793572,1.96532059863458,0.870679575318788,6.07269163355939,0.13450081645769,0.435600000218288,0.143105548725565,0.407603802269828,0.113219208469169,0.351996989619846,"Bacteria","Bacteroidota","Bacteroidia","Flavobacteriales","Flavobacteriaceae","Capnocytophaga",NA
"72","Kingella",0.325999653715834,0.410048654175976,0.250384548485623,-0.187236902873512,5.7299488684243,-0.0298120256521065,0.483400000055395,0.569412441895335,0.789564766704901,0.56126986660583,0.779932489984859,"Bacteria","Proteobacteria","Gammaproteobacteria","Burkholderiales","Neisseriaceae","Kingella",NA
"73","Butyrivibrio",0.157606030697312,0.15495505160374,0.158615866804706,0.0897115754123563,4.89804696778172,0.0152241998227267,0.492501499725051,0.534726593700313,0.788975588885145,0.577622113048626,0.814827448673898,"Bacteria","Firmicutes","Clostridia","Lachnospirales","Lachnospiraceae","Butyrivibrio",NA
"74","ASV_307",-0.106581435741045,-0.0409366262640241,-0.174879748979614,-0.167052559131441,4.57574693959593,-0.0297180606095861,0.48490301944647,0.501212167258168,0.744602202024259,0.491489113689433,0.735125859611066,"Bacteria","Firmicutes","Negativicutes","Veillonellales-Selenomonadales","Veillonellaceae","ASV_307",NA
"75","Mycoplasma",0.474412818712564,0.461522575458711,0.485627250272683,0.173562836270409,5.51229669649145,0.0265244982350172,0.485400000048708,0.567910301347858,0.807694930584227,0.583876025444731,0.814716097563842,"Bacteria","Firmicutes","Bacilli","Mycoplasmatales","Mycoplasmataceae","Mycoplasma",NA
"76","Atopobium",1.0230947919208,0.493267590050094,1.72008910923054,1.2534593515435,5.9640213954521,0.197421882412055,0.411117776750531,0.0251112003593921,0.133658881024971,0.0150517474027278,0.0901067989892215,"Bacteria","Actinobacteriota","Coriobacteriia","Coriobacteriales","Atopobiaceae","Atopobium",NA
"77","Tannerella",0.600933819182789,0.512673284181475,0.695828564375839,0.380403740664205,5.70056285185959,0.0556991688619535,0.472905419006762,0.45808545138021,0.729244360908226,0.490205541647803,0.748183289081626,"Bacteria","Bacteroidota","Bacteroidia","Bacteroidales","Tannerellaceae","Tannerella",NA
"78","Parvimonas",0.16417017651482,0.0312686770951895,0.290359202566185,0.448908720346866,4.90690272317454,0.0819946902136378,0.458708258486859,0.340542032308921,0.614898581681062,0.363884939250693,0.632189406357611,"Bacteria","Firmicutes","Clostridia","Peptostreptococcales-Tissierellales","Peptostreptococcales-Tissierellales_fa","Parvimonas",NA
"79","ASV_329",-0.225698220794229,-0.22465393942197,-0.226128112725027,0.00975364359656883,4.40920725542026,0.001079627765581,0.499400000002,0.556113392533955,0.795077872417533,0.541152593934761,0.773562463429212,"Bacteria","Proteobacteria","Gammaproteobacteria","Burkholderiales","Neisseriaceae","ASV_329",NA
"80","ASV_331",0.173898293459518,-0.0205825524574914,0.371392696892312,0.553575205935934,5.13993804803962,0.0961706807418745,0.45390921831126,0.218666509495206,0.462914833323756,0.25165910042402,0.505479752543235,"Bacteria","Firmicutes","Clostridia","Peptostreptococcales-Tissierellales","Anaerovoracaceae","ASV_331",NA
"81","Filifactor",-0.125392057171603,0.0104071163410016,-0.250474105914113,-0.405233188954798,4.63025660297165,-0.0775023449989464,0.460507898552729,0.351515819483005,0.607591747627475,0.35574709965788,0.619758420602517,"Bacteria","Firmicutes","Clostridia","Peptostreptococcales-Tissierellales","Peptostreptococcaceae","Filifactor",NA
"82","Dialister",-0.0898303530145128,-0.0505570627455976,-0.126555665023484,-0.079935571751907,4.71950717409864,-0.0169178933380213,0.490901819666398,0.534258539524188,0.764555274565507,0.511170071510358,0.744549407728031,"Bacteria","Firmicutes","Negativicutes","Veillonellales-Selenomonadales","Veillonellaceae","Dialister",NA
"83","ASV_339",-0.186147878956077,-0.234109860939937,-0.142488182405094,0.189581647638838,4.56310424432991,0.0353724953999713,0.48240000005874,0.462950602501132,0.711586742805382,0.475139089943305,0.728351901326053,"Bacteria","Proteobacteria","Alphaproteobacteria","Rickettsiales","Mitochondria","ASV_339",NA
"84","Peptococcus",0.297721912670987,0.594550703044049,0.0300040801059183,-0.734448167230672,4.77419127990551,-0.140289691437632,0.434313137595238,0.150631375369025,0.352239989495318,0.132060393760972,0.311044382083666,"Bacteria","Firmicutes","Clostridia","Peptococcales","Peptococcaceae","Peptococcus",NA
"85","Staphylococcus",-0.272924404735143,-0.284687020614303,-0.265536623058888,0.0251695731324872,4.36438796385884,0.00560587830841266,0.497100579893684,0.551342478212082,0.782629950057307,0.527813966707496,0.767389051219728,"Bacteria","Firmicutes","Bacilli","Staphylococcales","Staphylococcaceae","Staphylococcus",NA
"86","Hyphomicrobium",-0.204833692721079,-0.262941040159732,-0.138146691254272,0.203479992650082,4.32551158616256,0.040265729994289,0.478104379197271,0.48616594730511,0.728237378229348,0.465087045534166,0.709466364984924,"Bacteria","Proteobacteria","Alphaproteobacteria","Rhizobiales","Hyphomicrobiaceae","Hyphomicrobium",NA
"87","ASV_383",-0.0428817671083159,0.102240178250765,-0.182778825134079,-0.422151829942729,4.65544555780618,-0.0795241671057983,0.458400000139633,0.297763178813611,0.543931479855365,0.354275341951539,0.59276782048577,"Bacteria","Patescibacteria","Gracilibacteria","Absconditabacteriales_(SR1)","ASV_383","ASV_383",NA
"88","Psychrobacter",-0.192504763120901,-0.285829770531693,-0.094392271680535,0.246609923934149,4.51420484862004,0.0461063723156137,0.474200000086229,0.438093342386693,0.672983703623376,0.465579831478524,0.686273460074462,"Bacteria","Proteobacteria","Gammaproteobacteria","Pseudomonadales","Moraxellaceae","Psychrobacter",NA
"89","ASV_409",-0.0825654182579045,-0.117040130400184,-0.046556258461826,0.0259213036581167,4.80260501160211,0.00463565098048184,0.497800000007334,0.526366099845182,0.772963750110958,0.553172592957823,0.791949715893886,"Bacteria","Firmicutes","Clostridia","Peptostreptococcales-Tissierellales","Anaerovoracaceae","ASV_409",NA
"90","F0332",-0.0268016349782787,0.0590919332750719,-0.098778769678618,-0.124083481535403,4.69497471479879,-0.0238508509852707,0.487800000040691,0.535749752453229,0.773841859031466,0.507102905002637,0.754260455325601,"Bacteria","Actinobacteriota","Actinobacteria","Actinomycetales","Actinomycetaceae","F0332",NA
"91","ASV_422",-0.224165274975519,-0.220270255734661,-0.228676740567212,-0.0241027767717306,4.30052767032031,-0.00469550177591339,0.49770045991568,0.439757764067463,0.708821971992499,0.439307746868208,0.699208258537084,"Bacteria","Firmicutes","Bacilli","Acholeplasmatales","Acholeplasmataceae","ASV_422",NA
"92","ASV_428",-0.2349916736637,-0.223716492879412,-0.243205921826465,-0.0427244974741212,4.38076714994592,-0.0090202701885715,0.496300739864356,0.528650874761912,0.747534772838185,0.499866208033819,0.73777891440812,"Bacteria","Bacteroidota","Bacteroidia","Bacteroidales","Prevotellaceae","ASV_428",NA
"93","Peptoanaerobacter",-0.0888236903846789,0.0809236056466425,-0.250325806767541,-0.419456657243505,4.58109685931642,-0.0800189548308039,0.457308538435634,0.282009546970436,0.532847635244803,0.287661089450683,0.535710557233905,"Bacteria","Firmicutes","Clostridia","Peptostreptococcales-Tissierellales","Peptostreptococcaceae","Peptoanaerobacter",NA
"94","Delftia",-0.231701410796195,-0.252091935225615,-0.21047598460165,0.0905638524371106,4.29710153171912,0.0157960458214392,0.492000000026674,0.5671520042046,0.807047363781266,0.577498320142275,0.803227544680119,"Bacteria","Proteobacteria","Gammaproteobacteria","Burkholderiales","Comamonadaceae","Delftia",NA
"95","Sphingopyxis",-0.196826285114069,-0.217431139919494,-0.175050304526326,0.0421032725851349,4.36861314647422,0.00756177300091263,0.495100979820364,0.482370950829839,0.733042890809102,0.463461356731817,0.69880713691219,"Bacteria","Proteobacteria","Alphaproteobacteria","Sphingomonadales","Sphingomonadaceae","Sphingopyxis",NA
"96","Lentimicrobium",-0.0925146820512932,0.0851778367861389,-0.260766012504247,-0.49852617167774,4.64029180749155,-0.0872378618971552,0.45430913832589,0.252516366862516,0.511498214826716,0.278381270277068,0.527432593942239,"Bacteria","Bacteroidota","Bacteroidia","Sphingobacteriales","Lentimicrobiaceae","Lentimicrobium",NA
"97","ASV_461",-0.148834124202986,-0.0829971053776752,-0.210565784050528,-0.2173213980296,4.49209789450083,-0.0427161570958988,0.476904619153303,0.410714138030336,0.664519017220734,0.428596660217691,0.678297894456718,"Bacteria","Patescibacteria","Gracilibacteria","Absconditabacteriales_(SR1)","ASV_461","ASV_461",NA
"98","Leuconostoc",-0.265725031135212,-0.292137219216089,-0.238413715684331,0.0757576067271701,4.36693740740703,0.0134587947368088,0.492101579710387,0.535135001735814,0.774569295263942,0.516017093203182,0.752704165501387,"Bacteria","Firmicutes","Bacilli","Lactobacillales","Leuconostocaceae","Leuconostoc",NA
"99","ASV_472",-0.176395218569537,-0.19346863067336,-0.162787156898153,0.0619634218397973,4.39556561518089,0.012721953466134,0.492101579710387,0.505126009161977,0.761121232504624,0.526511521047753,0.766174570834726,"Bacteria","Firmicutes","Clostridia","Lachnospirales","Lachnospiraceae","ASV_472",NA
"100","ASV_485",-0.23535462306141,-0.163117318738118,-0.303356312262212,-0.237179654438111,4.44879692716166,-0.0449594178318222,0.476704659145975,0.443831878707276,0.694735459249704,0.423919706012838,0.676934599082084,"Bacteria","Firmicutes","Clostridia","Peptostreptococcales-Tissierellales","Anaerovoracaceae","ASV_485",NA
"101","Amnipila",-0.171585369734734,-0.0928399572820773,-0.237829551275134,-0.270165695800419,4.56828595069633,-0.0544297855563891,0.47110577894083,0.431463826221713,0.668641408833591,0.453956607482746,0.690191911429938,"Bacteria","Firmicutes","Clostridia","Peptostreptococcales-Tissierellales","Anaerovoracaceae","Amnipila",NA
"102","Rodentibacter",-0.168338328879058,-0.200215528838106,-0.143320686507819,-0.021275033356579,4.420819520327,-0.00324143621275401,0.498300339937677,0.50154804499003,0.765716488924079,0.51505389918057,0.767457186202654,"Bacteria","Proteobacteria","Gammaproteobacteria","Pasteurellales","Pasteurellaceae","Rodentibacter",NA
"103","Bulleidia",-0.200085846511037,-0.174248520625254,-0.232301173844079,-0.174798715625682,4.32004423047252,-0.0355191352504408,0.478904219226586,0.508658067069149,0.739823133224664,0.506107524056823,0.743389077343873,"Bacteria","Firmicutes","Bacilli","Erysipelotrichales","Erysipelotrichaceae","Bulleidia",NA
"104","Anaeroglobus",-0.187549628402902,-0.172739508718385,-0.205272891197191,-0.0650861256677171,4.39102565821394,-0.0122304866560041,0.494000000020003,0.523753505743594,0.771730516702857,0.532933290658455,0.770814730535138,"Bacteria","Firmicutes","Negativicutes","Veillonellales-Selenomonadales","Veillonellaceae","Anaeroglobus",NA
"105","Shuttleworthia",-0.0872227246394832,-0.183009578209953,0.00893752922508195,0.387750134562442,4.71299867105401,0.0707078674079852,0.464000000120626,0.317696776773155,0.581789805316093,0.382195746184521,0.640591087779126,"Bacteria","Firmicutes","Clostridia","Lachnospirales","Lachnospiraceae","Shuttleworthia",NA
"106","ASV_508",-0.230928404632979,-0.204219470013906,-0.25154283984759,-0.0681550468947512,4.47082887892636,-0.0132503235843012,0.492600000024672,0.480396663263627,0.732295820269594,0.480728294654121,0.727497449386767,"Bacteria","Firmicutes","Negativicutes","Veillonellales-Selenomonadales","Selenomonadaceae","ASV_508",NA
"107","Rikenellaceae_RC9_gut_group",-0.216563949752841,-0.192055820464201,-0.242077939464152,-0.0924017823770606,4.36489352185143,-0.0171432565098537,0.491901619703056,0.483889901744739,0.749234003551903,0.484988948561363,0.738958116385801,"Bacteria","Bacteroidota","Bacteroidia","Bacteroidales","Rikenellaceae","Rikenellaceae_RC9_gut_group",NA
"108","ASV_525",-0.252981800776223,-0.259711325912811,-0.246820958287588,-0.00980861355387841,4.36734900847705,-0.00151348153864819,0.499000000003333,0.512887952777893,0.767877477972577,0.53157452912903,0.777670797255405,"Bacteria","Bacteroidota","Bacteroidia","Bacteroidales","Prevotellaceae","ASV_525",NA
"109","Alysiella",-0.179089056307891,-0.181189373805864,-0.17895914787053,-0.0138761855063372,4.45871723860891,-0.0031089102922504,0.498700259952341,0.591887570101461,0.813968116871467,0.580072788098621,0.801249670709178,"Bacteria","Proteobacteria","Gammaproteobacteria","Burkholderiales","Neisseriaceae","Alysiella",NA
"110","ASV_529",-0.237785682337303,-0.263709283308534,-0.215088729352185,0.0240346468807324,4.38707658882402,0.00461365599871802,0.498200000006,0.489040740640602,0.745714995897556,0.474523916726037,0.724860179034448,"Bacteria","Bacteroidota","Bacteroidia","Bacteroidales","Prevotellaceae","ASV_529",NA
"111","ASV_540",-0.0745955519735277,-0.190604509660659,0.0296902615101766,0.316081251189821,4.72276382906021,0.0612126255938574,0.469800000101035,0.375591365552427,0.616490487472953,0.415926719256539,0.652716942135683,"Bacteria","Patescibacteria","Saccharimonadia","Saccharimonadales","ASV_540","ASV_540",NA
"112","ASV_543",-0.261075740645263,-0.27864519235654,-0.243459852064856,0.00374631224090916,4.38311168574308,0.000900699742396987,0.499600000001334,0.494938518544967,0.748821323380409,0.502443296152544,0.748899140287811,"Bacteria","Bacteroidota","Bacteroidia","Bacteroidales","Prevotellaceae","ASV_543",NA
"113","ASV_561",-0.227522725466885,-0.207423854284726,-0.240438973301915,0.0128363431266498,4.28980130394974,0.00234082355824458,0.498400000005334,0.50286340605847,0.748329732117356,0.480467307627501,0.726082222609985,"Bacteria","Patescibacteria","Gracilibacteria","ASV_561","ASV_561","ASV_561",NA
"114","Carnobacterium",-0.228964482954553,-0.24965377051364,-0.216347921766109,0.11416258706729,4.37332517219149,0.0224296532980134,0.487102579527106,0.461105998742125,0.708653536355037,0.455238037810718,0.712120733439509,"Bacteria","Firmicutes","Bacilli","Lactobacillales","Carnobacteriaceae","Carnobacterium",NA
"115","ASV_586",-0.275278573676719,-0.320090581101106,-0.232666512481917,0.0237627680694326,4.36716163518527,0.00432922856689537,0.497600000008,0.502480887128388,0.749409232388433,0.513204501143368,0.742193417156615,"Bacteria","Proteobacteria","Gammaproteobacteria","Burkholderiales","Neisseriaceae","ASV_586",NA
"116","Defluviitaleaceae_UCG-011",-0.198544280196783,-0.137054727236631,-0.25699623037962,-0.127497525042266,4.39843106835713,-0.0264839777931879,0.487200000042695,0.479603774105935,0.724262624725683,0.483577377839064,0.724979446473097,"Bacteria","Firmicutes","Clostridia","Lachnospirales","Defluviitaleaceae","Defluviitaleaceae_UCG-011",NA
"117","ASV_591",-0.247038484126826,-0.240129826739989,-0.253429655311845,-0.043822191246714,4.21716450973853,-0.00975513029161768,0.494901019813033,0.517495412005163,0.753620667696601,0.501270183829629,0.747711360101018,"Bacteria","Bacteroidota","Bacteroidia","Bacteroidales","Prevotellaceae","ASV_591",NA
"118","ASV_596",-0.246181900995979,-0.249740688539589,-0.242624215683547,-0.000543870301353166,4.37573779728783,3.39380247661833e-08,0.5,0.506944048608696,0.74749661735309,0.49992908137272,0.728021149678807,"Bacteria","Patescibacteria","Gracilibacteria","ASV_596","ASV_596","ASV_596",NA
"119","ASV_613",-0.276189297329319,-0.300515205340132,-0.254105691027092,0.0419868514552943,4.35436338620914,0.00865252774207203,0.495900819849692,0.525259714997043,0.772672174977643,0.503064734281047,0.753799690452553,"Bacteria","Bacteroidota","Bacteroidia","Bacteroidales","Prevotellaceae","ASV_613",NA
"120","ASV_639",-0.17476445334567,-0.134788085494044,-0.210068695888326,-0.186822842626975,4.4427881419865,-0.0326934567492234,0.481200000062756,0.510275376093549,0.749995564491263,0.506367357186843,0.747425161244943,"Bacteria","Firmicutes","Bacilli","RF39","ASV_639","ASV_639",NA
"121","ASV_644",-0.19945369837818,-0.224412927384469,-0.178680632686169,0.0535831663919053,4.37889541156351,0.00976917693784762,0.495100979820364,0.513308046366069,0.754976348565845,0.499853530641289,0.747500064827844,"Bacteria","Proteobacteria","Gammaproteobacteria","Cardiobacteriales","Cardiobacteriaceae","ASV_644",NA
"122","Alloscardovia",-0.268149554830988,-0.266355656649193,-0.268892831458566,0.022461471963374,4.36631224974884,0.00519607402308847,0.497600000008,0.514998314256476,0.767028608632145,0.488653451676464,0.741523560175711,"Bacteria","Actinobacteriota","Actinobacteria","Bifidobacteriales","Bifidobacteriaceae","Alloscardovia",NA
"123","ASV_653",-0.23748850983097,-0.269131077291914,-0.214390082916344,0.0496431556111485,4.31584817916553,0.0102228794270857,0.49350129976171,0.480305391819184,0.72798425174962,0.477816738073765,0.72056880023989,"Bacteria","Bacteroidota","Bacteroidia","Bacteroidales","Prevotellaceae","ASV_653",NA
"124","Centipeda",-0.125073188894413,-0.0832646738547593,-0.16719894169441,-0.0833575582449937,4.40376458145026,-0.0165797486422423,0.492501499725051,0.503939694890651,0.750987876916675,0.492127468048114,0.730851878855673,"Bacteria","Firmicutes","Negativicutes","Veillonellales-Selenomonadales","Selenomonadaceae","Centipeda",NA
"125","ASV_682",-0.203226475222879,-0.251301668587489,-0.14899510566418,0.196789714163594,4.2797319032648,0.0340548092418041,0.481503699321862,0.511516387042983,0.756848857254531,0.484634951776339,0.740697971230938,"Bacteria","Firmicutes","Clostridia","Peptostreptococcales-Tissierellales","Anaerovoracaceae","ASV_682",NA
"126","ASV_689",-0.189486189344007,-0.242132785952827,-0.138591370331657,0.189111907253043,4.5260108185339,0.0347846130144025,0.481400000062086,0.47007233688777,0.725630396559798,0.461356464820577,0.722822923837943,"Bacteria","Patescibacteria","Saccharimonadia","Saccharimonadales","ASV_689","ASV_689",NA
"127","Family_XIII_UCG-001",-0.185433268396053,-0.143086446475746,-0.212771108148452,-0.0923692363201871,4.48529432745508,-0.0169270096568465,0.490600000031345,0.462709100917372,0.719199162970495,0.459463110269985,0.709620094846873,"Bacteria","Firmicutes","Clostridia","Peptostreptococcales-Tissierellales","Anaerovoracaceae","Family_XIII_UCG-001",NA
"128","Fretibacterium",-0.199547045012487,-0.112403370156694,-0.274302263308392,-0.215824506049682,4.49438611548944,-0.0430029543927963,0.478000000073476,0.449346795150786,0.706052314300291,0.447701402024484,0.687033239291459,"Bacteria","Synergistota","Synergistia","Synergistales","Synergistaceae","Fretibacterium",NA
"129","ASV_761",-0.265127638570685,-0.289469446336484,-0.240038892315663,0.0755250419121207,4.41314304122807,0.0159846844422987,0.491400000028675,0.497726344343338,0.740980755064129,0.502041542594756,0.736392431272735,"Bacteria","Bacteroidota","Bacteroidia","Flavobacteriales","Weeksellaceae","ASV_761",NA
"130","ASV_767",-0.25329948532051,-0.280900680344699,-0.227360370561244,0.0966348051974659,4.46251332544372,0.020021729828266,0.489200000036017,0.532510111202274,0.776620414757661,0.529919010734405,0.781187123415378,"Bacteria","Proteobacteria","Gammaproteobacteria","Burkholderiales","Neisseriaceae","ASV_767",NA
"131","Lactobacillus",-0.146609797057751,-0.182361648249701,-0.108782190061126,0.0606881558225298,4.51625899563611,0.0129123333525822,0.494600000018002,0.476404553846096,0.746900037857823,0.491891600082993,0.747844696276505,"Bacteria","Firmicutes","Bacilli","Lactobacillales","Lactobacillaceae","Lactobacillus",NA
"132","Johnsonella",0.0352936761100899,0.135776195962031,-0.0636736853931872,-0.26365563134766,4.69344075110941,-0.0478487666055634,0.474200000086229,0.441537774885792,0.682445861943892,0.432002026230615,0.678378477615344,"Bacteria","Firmicutes","Clostridia","Lachnospirales","Lachnospiraceae","Johnsonella",NA
"133","ASV_817",-0.216402548917094,-0.161798686141014,-0.275856909987087,-0.201877126953129,4.4093414804808,-0.0387055367539869,0.478600000071464,0.49233459064571,0.749696754653295,0.527478832351547,0.764927361158369,"Bacteria","Firmicutes","Bacilli","RF39","ASV_817","ASV_817",NA
"134","ASV_844",-0.236030824545985,-0.159612654653541,-0.315093342110954,-0.148648016939831,4.40722471410148,-0.0262328701731896,0.48490301944647,0.475020315564983,0.723293660993227,0.499158867196611,0.733705859724756,"Bacteria","Proteobacteria","Gammaproteobacteria","Cardiobacteriales","Cardiobacteriaceae","ASV_844",NA
"135","ASV_854",-0.202461900065504,-0.200478002298903,-0.203927705248234,-0.0161932537725322,4.38467253766251,-0.00445320752812112,0.498200000006,0.490436420875846,0.755864871962615,0.458100477059871,0.729348690712375,"Bacteria","Proteobacteria","Gammaproteobacteria","Cardiobacteriales","Cardiobacteriaceae","ASV_854",NA
"136","ASV_860",-0.215204373358775,-0.220482680351198,-0.210668461891427,-0.0633755704134114,4.31621218225752,-0.0124392311285618,0.49350129976171,0.496717321327869,0.738103361620578,0.479944462548051,0.739277329667167,"Bacteria","Patescibacteria","Saccharimonadia","Saccharimonadales","ASV_860","ASV_860",NA
"137","ASV_894",-0.235513490540232,-0.217049773630578,-0.25408923681564,-0.08262995827425,4.36410019713762,-0.0166154871834975,0.491701659695724,0.515800932561669,0.759683267492616,0.517518804461409,0.762458853383761,"Bacteria","Proteobacteria","Gammaproteobacteria","Burkholderiales","Neisseriaceae","ASV_894",NA
"138","ASV_897",-0.220155454504254,-0.159481957036148,-0.270504721335264,-0.196314150333917,4.40456729596088,-0.0422990662173996,0.478400000072134,0.47894462438837,0.716730120529635,0.48725759741759,0.732690440153358,"Bacteria","Proteobacteria","Gammaproteobacteria","Burkholderiales","Neisseriaceae","ASV_897",NA
"139","Scardovia",-0.230392428391884,-0.279461558646037,-0.184352593827535,0.174102941333078,4.37114969365525,0.0343813973069029,0.48470305943914,0.524228798463005,0.753986602919605,0.508315120077983,0.746746222535744,"Bacteria","Actinobacteriota","Actinobacteria","Bifidobacteriales","Bifidobacteriaceae","Scardovia",NA
"140","Acinetobacter",-0.154089893042832,-0.22206051224112,-0.0847619786097757,0.155291260266739,4.43763486632022,0.0269503070811618,0.485000000050045,0.434911381277763,0.704505401325886,0.445733617431483,0.701182938997265,"Bacteria","Proteobacteria","Gammaproteobacteria","Pseudomonadales","Moraxellaceae","Acinetobacter",NA
"141","ASV_934",-0.242791389320439,-0.212091404164555,-0.274896996612928,-0.0729729548227009,4.42183646157914,-0.0159942711299431,0.490701859659066,0.484173871597345,0.745308120621372,0.473255817221076,0.727984164444331,"Bacteria","Firmicutes","Clostridia","Clostridia_UCG-014","ASV_934","ASV_934",NA
"142","Olsenella",-0.229992184833808,-0.21068469689269,-0.243932656059995,-0.00793223112443187,4.30358411715989,-0.0017608418119181,0.499000000003333,0.505217769274784,0.764876631740306,0.496688990993375,0.749526585052478,"Bacteria","Actinobacteriota","Coriobacteriia","Coriobacteriales","Atopobiaceae","Olsenella",NA
"143","Prevotellaceae_YAB2003_group",-0.203408988221986,-0.206285825855372,-0.198240597743246,0.0648880612348988,4.49758594300993,0.0127588908686189,0.493701259769042,0.499264258790436,0.750624124157442,0.503960349921596,0.738168200261815,"Bacteria","Bacteroidota","Bacteroidia","Bacteroidales","Prevotellaceae","Prevotellaceae_YAB2003_group",NA
"144","ASV_1004",-0.249125592900094,-0.243467499384604,-0.25418046363279,0.0100820678885922,4.4376261741453,0.0017779760007653,0.498700259952341,0.484344109729226,0.747523083529587,0.503863248292517,0.755515955027482,"Bacteria","Patescibacteria","Saccharimonadia","Saccharimonadales","ASV_1004","ASV_1004",NA
"145","Desulfomicrobium",-0.237280674960415,-0.248774649068876,-0.221600337873651,0.00481219850366266,4.33277168722524,0.000865172296998738,0.499600000001334,0.52567151410566,0.757152550081117,0.503850568394715,0.749155370328629,"Bacteria","Desulfobacterota","Desulfovibrionia","Desulfovibrionales","Desulfomicrobiaceae","Desulfomicrobium",NA
"146","ASV_1054",-0.206264613255769,-0.256416640713456,-0.146694318790955,0.191416657069797,4.41608155093439,0.0375627140701036,0.481400000062086,0.509601238756969,0.745236124229122,0.482196223327043,0.733463786778816,"Bacteria","Patescibacteria","Saccharimonadia","Saccharimonadales","Saccharimonadaceae","ASV_1054",NA
"147","ASV_1095",-0.227768854062232,-0.194441150068836,-0.263783066261841,-0.100129792911587,4.34846446060581,-0.020316977368579,0.488200000039355,0.465776578804608,0.708629728774135,0.445126578155702,0.701752213458712,"Bacteria","Firmicutes","Clostridia","Peptostreptococcales-Tissierellales","Anaerovoracaceae","ASV_1095",NA
"148","ASV_1121",-0.196209651796858,-0.167092265546151,-0.223415799763838,-0.0479174852050441,4.32326470259909,-0.0101556492544016,0.496000000013334,0.514795741177552,0.771981930861347,0.531480859870899,0.767862889701681,"Bacteria","Patescibacteria","Saccharimonadia","Saccharimonadales","ASV_1121","ASV_1121",NA
"149","ASV_1212",-0.289662614321683,-0.263395234435674,-0.309837832325421,-0.0483978162214385,4.35369037145966,-0.00992665197026995,0.495300939827696,0.492381684383813,0.741762450124075,0.495697991435324,0.746005688205278,"Bacteria","Patescibacteria","Gracilibacteria","Absconditabacteriales_(SR1)","ASV_1212","ASV_1212",NA
"150","ASV_1230",-0.197350300755596,-0.196326517779446,-0.198577302869135,0.0442472205912461,4.32600545520946,0.00996716918475914,0.495000000016668,0.546736958043449,0.788046242257612,0.551784087747112,0.793921002553098,"Bacteria","Patescibacteria","Saccharimonadia","Saccharimonadales","Saccharimonadaceae","ASV_1230",NA
"151","ASV_1234",-0.239631898726076,-0.243959579934578,-0.232885637090153,-0.0312918524719086,4.31135344581981,-0.00601028210839447,0.496900619886352,0.528010844998885,0.769536284031364,0.546233506865969,0.778670316258892,"Bacteria","Firmicutes","Clostridia","Peptostreptococcales-Tissierellales","Anaerovoracaceae","ASV_1234",NA
"152","ASV_1235",-0.225090260931186,-0.251748955500659,-0.198623495365331,0.0382307709905731,4.37444589573356,0.00663940644796931,0.49670065987902,0.451399092905823,0.71295345652381,0.458974659492005,0.711766496148198,"Bacteria","Proteobacteria","Gammaproteobacteria","Enterobacterales","Enterobacteriaceae","ASV_1235",NA
"153","ASV_1258",-0.241879622900577,-0.218122085245062,-0.267423484932529,-0.0975917661061878,4.37565660398289,-0.0202221926776234,0.490400000032012,0.505136142328719,0.756810332844366,0.492855260054982,0.732437364662638,"Bacteria","Bacteroidota","Bacteroidia","ASV_1258","ASV_1258","ASV_1258",NA
"154","ASV_1272",-0.165520445382101,-0.231864103733423,-0.0958772318249395,0.16062596752443,4.49270601110147,0.0316997190205891,0.485400000048708,0.436187407820895,0.699340208925059,0.465873364893313,0.717703346322309,"Bacteria","Patescibacteria","Saccharimonadia","Saccharimonadales","Saccharimonadaceae","ASV_1272",NA
"155","ASV_1306",-0.228323742923046,-0.246650868500937,-0.205675134821206,0.101448489606278,4.33658100228567,0.0191122164022518,0.490101979637072,0.519431384639604,0.763960600682178,0.505617520583158,0.762343742940851,"Bacteria","Patescibacteria","Saccharimonadia","Saccharimonadales","ASV_1306","ASV_1306",NA
"156","ASV_1325",-0.215763753101031,-0.20740966714572,-0.221688285645375,0.024565721425911,4.34837731503435,0.00563654032844284,0.49670065987902,0.506886037641635,0.767816290840542,0.492000729908433,0.739135043846347,"Bacteria","Firmicutes","Clostridia","Peptostreptococcales-Tissierellales","Peptostreptococcaceae","ASV_1325",NA
"157","Pantoea",-0.256334891581252,-0.260207511379687,-0.25312773012287,0.0293422934612861,4.45358191316937,0.0053156945040309,0.497100579893684,0.500426480721892,0.746674949763907,0.503006717077587,0.733409601859072,"Bacteria","Proteobacteria","Gammaproteobacteria","Enterobacterales","Erwiniaceae","Pantoea",NA
"158","ASV_1343",-0.240481288308519,-0.275869063977589,-0.205821185193312,0.111827229918155,4.31131459272058,0.0245490046940334,0.487102579527106,0.523524123354887,0.762709415130279,0.493002735452835,0.741933245268998,"Bacteria","Firmicutes","Clostridia","Peptostreptococcales-Tissierellales","Anaerovoracaceae","ASV_1343",NA
"159","ASV_1398",-0.221003746261491,-0.283346592450494,-0.163911755229087,0.167767115113121,4.41183974064928,0.033562714976443,0.482800000057401,0.421085872911675,0.671709766508946,0.426629235203488,0.681935832723427,"Bacteria","Actinobacteriota","Actinobacteria","ASV_1398","ASV_1398","ASV_1398",NA
"160","ASV_1415",-0.218579265039505,-0.302036898732309,-0.14658392617057,0.201530512644214,4.36547243473625,0.0356394933572142,0.481703659329192,0.457255074579486,0.701153511981644,0.449032099277629,0.702969547218504,"Bacteria","Patescibacteria","Saccharimonadia","Saccharimonadales","Saccharimonadaceae","ASV_1415",NA
"161","Desulfobulbus",-0.20712718117299,-0.189832499832795,-0.2283979473843,-0.084525548641067,4.31167893228165,-0.0169766864535207,0.492000000026674,0.50938824580546,0.753422437341678,0.555193789822873,0.775781901361915,"Bacteria","Desulfobacterota","Desulfobulbia","Desulfobulbales","Desulfobulbaceae","Desulfobulbus",NA
"162","ASV_1504",-0.254433502877697,-0.234385023757229,-0.273385431452785,0.0171528304510042,4.43626791124962,0.00345591521636041,0.497900419923013,0.476495567107983,0.716161913040091,0.466781742554372,0.712246523291344,"Bacteria","Firmicutes","Clostridia","Peptostreptococcales-Tissierellales","Peptostreptococcaceae","ASV_1504",NA
"163","Erysipelotrichaceae_UCG-006",-0.2502541305775,-0.205350233602144,-0.295785792564168,-0.0711872188961662,4.33101462940522,-0.0141718316127668,0.492701459732382,0.480886099941862,0.735029636259447,0.462734417864041,0.73004083699851,"Bacteria","Firmicutes","Bacilli","Erysipelotrichales","Erysipelotrichaceae","Erysipelotrichaceae_UCG-006",NA
"164","ASV_1531",-0.238645190859087,-0.227573143302163,-0.252676775252682,-0.0576156040991576,4.36865985233792,-0.0108593352665704,0.49350129976171,0.45963893779149,0.718183853448562,0.466464428381831,0.724762726414205,"Bacteria","Firmicutes","Bacilli","Izemoplasmatales","ASV_1531","ASV_1531",NA
"165","Brevundimonas",-0.256629369490521,-0.32549451546989,-0.188617788753046,0.120179252683494,4.38414908104343,0.0263250906329237,0.486102779490452,0.463454055691325,0.715481071980622,0.473968148043305,0.724092521465739,"Bacteria","Proteobacteria","Alphaproteobacteria","Caulobacterales","Caulobacteraceae","Brevundimonas",NA
"166","DMI",-0.263246126231026,-0.242377935757416,-0.289504596834978,-0.0781965371282496,4.32880357667511,-0.0171746235706775,0.490701859659066,0.483923765160318,0.725739523878107,0.450618172410727,0.703424758268862,"Bacteria","Firmicutes","Bacilli","Acholeplasmatales","Acholeplasmataceae","DMI",NA
"167","Brevibacterium",-0.255320612242042,-0.288588568498906,-0.224520891682232,0.0493695882377372,4.45857069050887,0.00903368224017357,0.495800000014001,0.447424356935558,0.705127981022514,0.457904465030453,0.707595386644393,"Bacteria","Actinobacteriota","Actinobacteria","Micrococcales","Brevibacteriaceae","Brevibacterium",NA
"168","Pseudoramibacter",-0.242732537342269,-0.251386302788088,-0.232956231404195,0.0101822008200854,4.34205773324315,0.0021460175330099,0.498900219959673,0.537126943354995,0.776594759444642,0.547707637138235,0.772244784018339,"Bacteria","Firmicutes","Clostridia","Eubacteriales","Eubacteriaceae","Pseudoramibacter",NA
"169","ASV_1867",-0.289925357143267,-0.257349760197249,-0.322197862140197,0.0180702125371139,4.33230664044302,0.00309625668036033,0.49770045991568,0.531431317302329,0.768906818546459,0.506125851254693,0.749851634974737,"Bacteria","Patescibacteria","Gracilibacteria","JGI_0000069-P22","ASV_1867","ASV_1867",NA
"170","ASV_1888",-0.280728076004426,-0.253719081877284,-0.303755459331999,-0.0887059873773826,4.33834005344448,-0.0177183525909308,0.48790241955643,0.488669180257259,0.735801417189308,0.512687268415854,0.755100684337268,"Bacteria","Patescibacteria","Gracilibacteria","JGI_0000069-P22","ASV_1888","ASV_1888",NA
"171","ASV_1939",-0.259392337903565,-0.229150202321247,-0.2807282390737,-0.0603118094564161,4.33032486331179,-0.0138909634845625,0.493400000022004,0.484724445715004,0.729462911840597,0.500276453671154,0.737407528279841,"Bacteria","Firmicutes","Clostridia","Lachnospirales","Lachnospiraceae","ASV_1939",NA
